{
  "metadata": {
    "year": 2020,
    "lp": "en-de",
    "n_annotations": 79020,
    "n_raters": 6,
    "n_segments_with_multi_rater": 14180
  },
  "rater_profiles": {
    "rater1": {
      "S1": 2526,
      "S2": 1070,
      "S3": 2368,
      "S4": 1207,
      "S5": 1178,
      "S6": 1274,
      "S7": 0
    },
    "rater2": {
      "S1": 2576,
      "S2": 1686,
      "S3": 3139,
      "S4": 677,
      "S5": 468,
      "S6": 3103,
      "S7": 0
    },
    "rater3": {
      "S1": 2062,
      "S2": 1092,
      "S3": 2789,
      "S4": 1361,
      "S5": 1581,
      "S6": 1465,
      "S7": 0
    },
    "rater4": {
      "S1": 2376,
      "S2": 1090,
      "S3": 4646,
      "S4": 874,
      "S5": 1046,
      "S6": 1895,
      "S7": 0
    },
    "rater5": {
      "S1": 1976,
      "S2": 671,
      "S3": 3379,
      "S4": 436,
      "S5": 380,
      "S6": 1635,
      "S7": 0
    },
    "rater6": {
      "S1": 2343,
      "S2": 1035,
      "S3": 4893,
      "S4": 1034,
      "S5": 917,
      "S6": 989,
      "S7": 0
    }
  },
  "A1_interrater_distances": {
    "M1_trivial": {
      "spearman_rho": 0.6775071377401617,
      "p_value": 0.0,
      "n_pairs": 42538,
      "w1_mean": 0.5111168158511324,
      "w1_std": 0.38423968873364583,
      "euc_mean": 1.2469620254454215,
      "euc_std": 1.0111752247727799
    },
    "M2_graph": {
      "spearman_rho": 0.5991361175584742,
      "p_value": 0.0,
      "n_pairs": 42538,
      "w1_mean": 0.21392297598312887,
      "w1_std": 0.18056206877057387,
      "euc_mean": 1.2469620254454215,
      "euc_std": 1.0111752247727799
    },
    "M3_weighted": {
      "spearman_rho": 0.5885492620104338,
      "p_value": 0.0,
      "n_pairs": 42538,
      "w1_mean": 0.21451206250401267,
      "w1_std": 0.1922433235107525,
      "euc_mean": 1.2469620254454215,
      "euc_std": 1.0111752247727799
    },
    "M4_2d": {
      "spearman_rho": 0.5876863338750457,
      "p_value": 0.0,
      "n_pairs": 42538,
      "w1_mean": 0.19679802941694843,
      "w1_std": 0.15944510163652573,
      "euc_mean": 1.2469620254454215,
      "euc_std": 1.0111752247727799
    },
    "M5_linear": {
      "spearman_rho": 0.6074417867504701,
      "p_value": 0.0,
      "n_pairs": 42538,
      "w1_mean": 0.195054888622538,
      "w1_std": 0.17003800108307912,
      "euc_mean": 1.2469620254454215,
      "euc_std": 1.0111752247727799
    },
    "M_rand_0": {
      "spearman_rho": 0.6277133294216124,
      "p_value": 0.0,
      "n_pairs": 42538,
      "w1_mean": 0.3577407417939988,
      "w1_std": 0.27991936380464916,
      "euc_mean": 1.2469620254454215,
      "euc_std": 1.0111752247727799
    },
    "M_rand_1": {
      "spearman_rho": 0.6260269482116824,
      "p_value": 0.0,
      "n_pairs": 42538,
      "w1_mean": 0.32760804157745,
      "w1_std": 0.25571815208469006,
      "euc_mean": 1.2469620254454215,
      "euc_std": 1.0111752247727799
    },
    "M_rand_2": {
      "spearman_rho": 0.6173118115933796,
      "p_value": 0.0,
      "n_pairs": 42538,
      "w1_mean": 0.33519332566783117,
      "w1_std": 0.2603363394710522,
      "euc_mean": 1.2469620254454215,
      "euc_std": 1.0111752247727799
    },
    "M_rand_3": {
      "spearman_rho": 0.6241972877208863,
      "p_value": 0.0,
      "n_pairs": 42538,
      "w1_mean": 0.3547461606231161,
      "w1_std": 0.2851898988409099,
      "euc_mean": 1.2469620254454215,
      "euc_std": 1.0111752247727799
    },
    "M_rand_4": {
      "spearman_rho": 0.6199003552227168,
      "p_value": 0.0,
      "n_pairs": 42538,
      "w1_mean": 0.3523481640664229,
      "w1_std": 0.27693947153454734,
      "euc_mean": 1.2469620254454215,
      "euc_std": 1.0111752247727799
    },
    "M_rand_5": {
      "spearman_rho": 0.6230006967639493,
      "p_value": 0.0,
      "n_pairs": 42538,
      "w1_mean": 0.31562735369602074,
      "w1_std": 0.2503966026661359,
      "euc_mean": 1.2469620254454215,
      "euc_std": 1.0111752247727799
    },
    "M_rand_6": {
      "spearman_rho": 0.6105135263876799,
      "p_value": 0.0,
      "n_pairs": 42538,
      "w1_mean": 0.3445140054734119,
      "w1_std": 0.2717200058218122,
      "euc_mean": 1.2469620254454215,
      "euc_std": 1.0111752247727799
    },
    "M_rand_7": {
      "spearman_rho": 0.6050968727388524,
      "p_value": 0.0,
      "n_pairs": 42538,
      "w1_mean": 0.2981537848420204,
      "w1_std": 0.23701745054624843,
      "euc_mean": 1.2469620254454215,
      "euc_std": 1.0111752247727799
    },
    "M_rand_8": {
      "spearman_rho": 0.6229962373858441,
      "p_value": 0.0,
      "n_pairs": 42538,
      "w1_mean": 0.3712380244777414,
      "w1_std": 0.30306670341541375,
      "euc_mean": 1.2469620254454215,
      "euc_std": 1.0111752247727799
    },
    "M_rand_9": {
      "spearman_rho": 0.6304611329352492,
      "p_value": 0.0,
      "n_pairs": 42538,
      "w1_mean": 0.37543306005076427,
      "w1_std": 0.2973373408398127,
      "euc_mean": 1.2469620254454215,
      "euc_std": 1.0111752247727799
    },
    "manhattan": {
      "spearman_rho": 0.9880600665264097,
      "p_value": 0.0,
      "n_pairs": 42538,
      "dist_mean": 1.7243170811979878,
      "dist_std": 1.609615326162829
    },
    "jsd": {
      "spearman_rho": 0.6791798239442021,
      "p_value": 0.0,
      "n_pairs": 42538,
      "dist_mean": 0.4413927523355627,
      "dist_std": 0.31474762824063496
    }
  },
  "A2_rater_clustering": {
    "euclidean": {
      "silhouette": 0.33770243684351914,
      "labels": [
        0,
        2,
        0,
        1,
        0,
        1
      ]
    },
    "M1_trivial": {
      "silhouette": 0.41381418423860583,
      "labels": [
        1,
        2,
        1,
        0,
        0,
        0
      ]
    },
    "M2_graph": {
      "silhouette": -0.07872954705890202,
      "labels": [
        1,
        2,
        2,
        2,
        2,
        0
      ]
    },
    "M3_weighted": {
      "silhouette": 0.2641816955274437,
      "labels": [
        1,
        2,
        1,
        2,
        2,
        0
      ]
    },
    "M4_2d": {
      "silhouette": 0.30572950445958347,
      "labels": [
        1,
        2,
        1,
        0,
        0,
        0
      ]
    },
    "M5_linear": {
      "silhouette": 0.09953557156247678,
      "labels": [
        1,
        1,
        2,
        2,
        2,
        0
      ]
    },
    "M_rand_0": {
      "silhouette": 0.23976530937763374,
      "labels": [
        1,
        2,
        1,
        2,
        2,
        0
      ]
    },
    "M_rand_1": {
      "silhouette": 0.41371381287778947,
      "labels": [
        1,
        2,
        1,
        0,
        0,
        0
      ]
    },
    "M_rand_2": {
      "silhouette": 0.23382463508756846,
      "labels": [
        1,
        2,
        1,
        2,
        2,
        0
      ]
    },
    "M_rand_3": {
      "silhouette": 0.26286810397171584,
      "labels": [
        1,
        2,
        1,
        2,
        2,
        0
      ]
    },
    "M_rand_4": {
      "silhouette": 0.23278205618057082,
      "labels": [
        1,
        2,
        1,
        2,
        2,
        0
      ]
    },
    "M_rand_5": {
      "silhouette": 0.16057734974661392,
      "labels": [
        1,
        2,
        1,
        2,
        2,
        0
      ]
    },
    "M_rand_6": {
      "silhouette": 0.3319528344821158,
      "labels": [
        1,
        2,
        1,
        0,
        0,
        0
      ]
    },
    "M_rand_7": {
      "silhouette": 0.3661751243195451,
      "labels": [
        1,
        2,
        1,
        0,
        0,
        0
      ]
    },
    "M_rand_8": {
      "silhouette": 0.19846043322661996,
      "labels": [
        1,
        2,
        1,
        2,
        2,
        0
      ]
    },
    "M_rand_9": {
      "silhouette": 0.1907834112204142,
      "labels": [
        1,
        2,
        1,
        2,
        2,
        0
      ]
    }
  },
  "A3_system_quality": {
    "pearson_r": 0.08465308016293414,